setting,mean_pairwise_cosine,std_pairwise_cosine,anisotropy_0_1,pc1_variance_ratio,effective_rank_top10
Raw,0.8570419549942017,0.033543381839990616,0.9285209774971008,0.07593368738889694,2.8010590076446533
L2,0.8570419549942017,0.033543381839990616,0.9285209774971008,0.0742093175649643,2.72888445854187
Mean-centered + L2,0.001633079838939011,0.12070659548044205,0.5008165240287781,0.07008305937051773,2.777590751647949
Remove PC1 + L2,0.0007043704390525818,0.10526572912931442,0.5003522038459778,0.04656970128417015,2.5627100467681885
